run_index,model_id,row_count,old_kv_row_count,pass_rate_pct,checked_layer_pages,min_warm_reduction_vs_uniform_int8_pct,mean_warm_reduction_vs_uniform_int8_pct,min_total_reduction_vs_same_hot_uniform_int8_pct,mean_total_reduction_vs_same_hot_uniform_int8_pct,min_compression_vs_raw_pct,mean_compression_vs_raw_pct
0,JunHowie/Qwen3-32B-GPTQ-Int4,1240,1240,100.0,44099072,16.406,16.406,2.088,11.483,13.144,45.343
0,Qwen/Qwen2.5-0.5B-Instruct,1240,1240,100.0,16537152,16.667,16.667,2.121,11.666,13.173,45.445
0,Qwen/Qwen2.5-1.5B-Instruct,1240,1240,100.0,19293344,16.071,16.071,2.046,11.249,13.106,45.213
0,Qwen/Qwen2.5-32B-Instruct-AWQ,1240,1240,100.0,44099072,16.406,16.406,2.088,11.483,13.144,45.343
0,Qwen/Qwen2.5-32B-Instruct-GPTQ-Int4,1240,1240,100.0,44099072,16.406,16.406,2.088,11.483,13.144,45.343
0,Qwen/Qwen2.5-3B-Instruct,1240,1240,100.0,24805728,16.667,16.667,2.121,11.666,13.173,45.445
0,Qwen/Qwen2.5-7B-Instruct,1240,1240,100.0,19293344,16.071,16.071,2.046,11.249,13.106,45.213
0,Qwen/Qwen3-14B,1240,1240,100.0,27561920,16.25,16.25,2.068,11.374,13.126,45.282
0,Qwen/Qwen3-30B-A3B-GPTQ-Int4,1240,1240,100.0,33074304,16.667,16.667,2.121,11.666,13.173,45.445
0,Qwen/Qwen3-32B,1240,1240,100.0,44099072,16.406,16.406,2.088,11.483,13.144,45.343
0,Qwen/Qwen3-4B,1240,1240,100.0,24805728,16.667,16.667,2.121,11.666,13.173,45.445
0,Qwen/Qwen3-4B-Instruct-2507,1240,1240,100.0,24805728,16.667,16.667,2.121,11.666,13.173,45.445
0,Qwen/Qwen3-8B,1240,1240,100.0,24805728,16.667,16.667,2.121,11.666,13.173,45.445
0,kaitchup/Qwen3-32B-autoround-2bit-gptq,1240,1240,100.0,44099072,16.406,16.406,2.088,11.483,13.144,45.343
0,kaitchup/Qwen3-32B-autoround-4bit-gptq,1240,1240,100.0,44099072,16.406,16.406,2.088,11.483,13.144,45.343
1,JunHowie/Qwen3-32B-GPTQ-Int4,1240,1147,100.0,9436160,16.406,16.406,0.802,10.258,0.0,39.027
1,Qwen/Qwen2.5-0.5B-Instruct,1240,1147,100.0,3538560,16.667,16.667,0.815,10.421,0.0,39.114
1,Qwen/Qwen2.5-1.5B-Instruct,1240,1147,100.0,4128320,16.071,16.071,0.786,10.049,0.0,38.915
1,Qwen/Qwen2.5-32B-Instruct-AWQ,1240,1147,100.0,9436160,16.406,16.406,0.802,10.258,0.0,39.027
1,Qwen/Qwen2.5-32B-Instruct-GPTQ-Int4,1240,1147,100.0,9436160,16.406,16.406,0.802,10.258,0.0,39.027
1,Qwen/Qwen2.5-3B-Instruct,1240,1147,100.0,5307840,16.667,16.667,0.815,10.421,0.0,39.114
1,Qwen/Qwen2.5-7B-Instruct,1240,1147,100.0,4128320,16.071,16.071,0.786,10.049,0.0,38.915
1,Qwen/Qwen3-14B,1240,1147,100.0,5897600,16.25,16.25,0.794,10.16,0.0,38.974
1,Qwen/Qwen3-30B-A3B-GPTQ-Int4,1240,1147,100.0,7077120,16.667,16.667,0.815,10.421,0.0,39.114
1,Qwen/Qwen3-32B,1240,1147,100.0,9436160,16.406,16.406,0.802,10.258,0.0,39.027
1,Qwen/Qwen3-4B,1240,1147,100.0,5307840,16.667,16.667,0.815,10.421,0.0,39.114
1,Qwen/Qwen3-4B-Instruct-2507,1240,1147,100.0,5307840,16.667,16.667,0.815,10.421,0.0,39.114
1,Qwen/Qwen3-8B,1240,1147,100.0,5307840,16.667,16.667,0.815,10.421,0.0,39.114
1,kaitchup/Qwen3-32B-autoround-2bit-gptq,1240,1147,100.0,9436160,16.406,16.406,0.802,10.258,0.0,39.027
1,kaitchup/Qwen3-32B-autoround-4bit-gptq,1240,1147,100.0,9436160,16.406,16.406,0.802,10.258,0.0,39.027
2,JunHowie/Qwen3-32B-GPTQ-Int4,1240,1122,100.0,10343936,16.406,16.406,0.802,10.157,0.0,37.883
2,Qwen/Qwen2.5-0.5B-Instruct,1240,1122,100.0,3878976,16.667,16.667,0.814,10.318,0.0,37.968
2,Qwen/Qwen2.5-1.5B-Instruct,1240,1122,100.0,4525472,16.071,16.071,0.785,9.95,0.0,37.774
2,Qwen/Qwen2.5-32B-Instruct-AWQ,1240,1122,100.0,10343936,16.406,16.406,0.802,10.157,0.0,37.883
2,Qwen/Qwen2.5-32B-Instruct-GPTQ-Int4,1240,1122,100.0,10343936,16.406,16.406,0.802,10.157,0.0,37.883
2,Qwen/Qwen2.5-3B-Instruct,1240,1122,100.0,5818464,16.667,16.667,0.814,10.318,0.0,37.968
2,Qwen/Qwen2.5-7B-Instruct,1240,1122,100.0,4525472,16.071,16.071,0.785,9.95,0.0,37.774
2,Qwen/Qwen3-14B,1240,1122,100.0,6464960,16.25,16.25,0.794,10.06,0.0,37.832
2,Qwen/Qwen3-30B-A3B-GPTQ-Int4,1240,1122,100.0,7757952,16.667,16.667,0.814,10.318,0.0,37.968
2,Qwen/Qwen3-32B,1240,1122,100.0,10343936,16.406,16.406,0.802,10.157,0.0,37.883
2,Qwen/Qwen3-4B,1240,1122,100.0,5818464,16.667,16.667,0.814,10.318,0.0,37.968
2,Qwen/Qwen3-4B-Instruct-2507,1240,1122,100.0,5818464,16.667,16.667,0.814,10.318,0.0,37.968
2,Qwen/Qwen3-8B,1240,1122,100.0,5818464,16.667,16.667,0.814,10.318,0.0,37.968
2,kaitchup/Qwen3-32B-autoround-2bit-gptq,1240,1122,100.0,10343936,16.406,16.406,0.802,10.157,0.0,37.883
2,kaitchup/Qwen3-32B-autoround-4bit-gptq,1240,1122,100.0,10343936,16.406,16.406,0.802,10.157,0.0,37.883
3,JunHowie/Qwen3-32B-GPTQ-Int4,1240,1109,100.0,11583488,16.406,16.406,0.497,10.154,0.0,37.466
3,Qwen/Qwen2.5-0.5B-Instruct,1200,1069,100.0,2488320,16.667,16.667,0.505,10.261,0.0,37.279
3,Qwen/Qwen2.5-1.5B-Instruct,1200,1069,100.0,2903040,16.071,16.071,0.487,9.895,0.0,37.089
3,Qwen/Qwen2.5-32B-Instruct-AWQ,1200,1069,100.0,6635520,16.406,16.406,0.497,10.101,0.0,37.196
3,Qwen/Qwen2.5-32B-Instruct-GPTQ-Int4,1200,1069,100.0,6635520,16.406,16.406,0.497,10.101,0.0,37.196
3,Qwen/Qwen2.5-3B-Instruct,1200,1069,100.0,3732480,16.667,16.667,0.505,10.261,0.0,37.279
3,Qwen/Qwen2.5-7B-Instruct,1200,1069,100.0,2903040,16.071,16.071,0.487,9.895,0.0,37.089
3,Qwen/Qwen3-14B,1240,1109,100.0,7239680,16.25,16.25,0.492,10.057,0.0,37.415
3,Qwen/Qwen3-30B-A3B-GPTQ-Int4,1240,1109,100.0,8687616,16.667,16.667,0.505,10.315,0.0,37.549
3,Qwen/Qwen3-32B,1240,1109,100.0,11583488,16.406,16.406,0.497,10.154,0.0,37.466
3,Qwen/Qwen3-4B,1240,1109,100.0,6515712,16.667,16.667,0.505,10.315,0.0,37.549
3,Qwen/Qwen3-4B-Instruct-2507,1240,1109,100.0,6515712,16.667,16.667,0.505,10.315,0.0,37.549
3,Qwen/Qwen3-8B,1240,1109,100.0,6515712,16.667,16.667,0.505,10.315,0.0,37.549
3,kaitchup/Qwen3-32B-autoround-2bit-gptq,1240,1109,100.0,11583488,16.406,16.406,0.497,10.154,0.0,37.466
3,kaitchup/Qwen3-32B-autoround-4bit-gptq,1240,1109,100.0,11583488,16.406,16.406,0.497,10.154,0.0,37.466
4,JunHowie/Qwen3-32B-GPTQ-Int4,1200,1081,100.0,9260032,16.406,16.406,0.127,10.217,0.0,37.845
4,Qwen/Qwen2.5-0.5B-Instruct,1160,1041,100.0,1922688,16.667,16.667,0.129,10.327,0.0,37.664
4,Qwen/Qwen2.5-1.5B-Instruct,1160,1041,100.0,2243136,16.071,16.071,0.125,9.958,0.0,37.472
4,Qwen/Qwen2.5-32B-Instruct-AWQ,1160,1041,100.0,5127168,16.406,16.406,0.127,10.165,0.0,37.58
4,Qwen/Qwen2.5-32B-Instruct-GPTQ-Int4,1160,1041,100.0,5127168,16.406,16.406,0.127,10.165,0.0,37.58
4,Qwen/Qwen2.5-3B-Instruct,1160,1041,100.0,2884032,16.667,16.667,0.129,10.327,0.0,37.664
4,Qwen/Qwen2.5-7B-Instruct,1160,1041,100.0,2243136,16.071,16.071,0.125,9.958,0.0,37.472
4,Qwen/Qwen3-14B,1200,1081,100.0,5787520,16.25,16.25,0.126,10.12,0.0,37.795
4,Qwen/Qwen3-30B-A3B-GPTQ-Int4,1200,1081,100.0,6945024,16.667,16.667,0.129,10.379,0.0,37.93
4,Qwen/Qwen3-32B,1200,1081,100.0,9260032,16.406,16.406,0.127,10.217,0.0,37.845
4,Qwen/Qwen3-4B,1200,1081,100.0,5208768,16.667,16.667,0.129,10.379,0.0,37.93
4,Qwen/Qwen3-4B-Instruct-2507,1240,1121,100.0,8572320,16.667,16.667,0.129,10.428,0.0,38.179
4,Qwen/Qwen3-8B,1200,1081,100.0,5208768,16.667,16.667,0.129,10.379,0.0,37.93
4,kaitchup/Qwen3-32B-autoround-2bit-gptq,1200,1081,100.0,9260032,16.406,16.406,0.127,10.217,0.0,37.845
4,kaitchup/Qwen3-32B-autoround-4bit-gptq,1200,1081,100.0,9260032,16.406,16.406,0.127,10.217,0.0,37.845
5,JunHowie/Qwen3-32B-GPTQ-Int4,1240,1190,100.0,10505728,16.406,16.406,0.781,10.135,0.0,40.175
5,Qwen/Qwen2.5-0.5B-Instruct,1200,1150,100.0,2380800,16.667,16.667,0.794,10.246,0.0,40.086
5,Qwen/Qwen2.5-1.5B-Instruct,1200,1150,100.0,2777600,16.071,16.071,0.765,9.88,0.0,39.882
5,Qwen/Qwen2.5-32B-Instruct-AWQ,1200,1150,100.0,6348800,16.406,16.406,0.781,10.085,0.0,39.997
5,Qwen/Qwen2.5-32B-Instruct-GPTQ-Int4,1200,1150,100.0,6348800,16.406,16.406,0.781,10.085,0.0,39.997
5,Qwen/Qwen2.5-3B-Instruct,1200,1150,100.0,3571200,16.667,16.667,0.794,10.246,0.0,40.086
5,Qwen/Qwen2.5-7B-Instruct,1200,1150,100.0,2777600,16.071,16.071,0.765,9.88,0.0,39.882
5,Qwen/Qwen3-14B,1240,1190,100.0,6566080,16.25,16.25,0.774,10.038,0.0,40.121
5,Qwen/Qwen3-30B-A3B-GPTQ-Int4,1240,1190,100.0,7879296,16.667,16.667,0.794,10.296,0.0,40.265
5,Qwen/Qwen3-32B,1240,1190,100.0,10505728,16.406,16.406,0.781,10.135,0.0,40.175
5,Qwen/Qwen3-4B,1240,1190,100.0,5909472,16.667,16.667,0.794,10.296,0.0,40.265
5,Qwen/Qwen3-4B-Instruct-2507,1240,1190,100.0,5909472,16.667,16.667,0.794,10.296,0.0,40.265
5,Qwen/Qwen3-8B,1240,1190,100.0,5909472,16.667,16.667,0.794,10.296,0.0,40.265
5,kaitchup/Qwen3-32B-autoround-2bit-gptq,1240,1190,100.0,10505728,16.406,16.406,0.781,10.135,0.0,40.175
5,kaitchup/Qwen3-32B-autoround-4bit-gptq,1240,1190,100.0,10505728,16.406,16.406,0.781,10.135,0.0,40.175
6,JunHowie/Qwen3-32B-GPTQ-Int4,1240,1139,100.0,9732096,16.406,16.406,0.782,10.255,0.0,38.796
6,Qwen/Qwen2.5-0.5B-Instruct,1240,1139,100.0,3649536,16.667,16.667,0.795,10.417,0.0,38.883
6,Qwen/Qwen2.5-1.5B-Instruct,1240,1139,100.0,4257792,16.071,16.071,0.766,10.045,0.0,38.684
6,Qwen/Qwen2.5-32B-Instruct-AWQ,1240,1139,100.0,9732096,16.406,16.406,0.782,10.255,0.0,38.796
6,Qwen/Qwen2.5-32B-Instruct-GPTQ-Int4,1240,1139,100.0,9732096,16.406,16.406,0.782,10.255,0.0,38.796
6,Qwen/Qwen2.5-3B-Instruct,1240,1139,100.0,5474304,16.667,16.667,0.795,10.417,0.0,38.883
6,Qwen/Qwen2.5-7B-Instruct,1240,1139,100.0,4257792,16.071,16.071,0.766,10.045,0.0,38.684
6,Qwen/Qwen3-14B,1240,1139,100.0,6082560,16.25,16.25,0.775,10.157,0.0,38.744
6,Qwen/Qwen3-30B-A3B-GPTQ-Int4,1240,1139,100.0,7299072,16.667,16.667,0.795,10.417,0.0,38.883
6,Qwen/Qwen3-32B,1240,1139,100.0,9732096,16.406,16.406,0.782,10.255,0.0,38.796
6,Qwen/Qwen3-4B,1240,1139,100.0,5474304,16.667,16.667,0.795,10.417,0.0,38.883
6,Qwen/Qwen3-4B-Instruct-2507,1240,1139,100.0,5474304,16.667,16.667,0.795,10.417,0.0,38.883
6,Qwen/Qwen3-8B,1240,1139,100.0,5474304,16.667,16.667,0.795,10.417,0.0,38.883
6,kaitchup/Qwen3-32B-autoround-2bit-gptq,1240,1139,100.0,9732096,16.406,16.406,0.782,10.255,0.0,38.796
6,kaitchup/Qwen3-32B-autoround-4bit-gptq,1240,1139,100.0,9732096,16.406,16.406,0.782,10.255,0.0,38.796
7,JunHowie/Qwen3-32B-GPTQ-Int4,1200,1126,100.0,6982144,16.406,16.406,0.823,10.232,0.0,39.518
7,Qwen/Qwen2.5-0.5B-Instruct,1200,1126,100.0,2618304,16.667,16.667,0.836,10.394,0.0,39.607
7,Qwen/Qwen2.5-1.5B-Instruct,1200,1126,100.0,3054688,16.071,16.071,0.806,10.023,0.0,39.405
7,Qwen/Qwen2.5-32B-Instruct-AWQ,1200,1126,100.0,6982144,16.406,16.406,0.823,10.232,0.0,39.518
7,Qwen/Qwen2.5-32B-Instruct-GPTQ-Int4,1200,1126,100.0,6982144,16.406,16.406,0.823,10.232,0.0,39.518
7,Qwen/Qwen2.5-3B-Instruct,1200,1126,100.0,3927456,16.667,16.667,0.836,10.394,0.0,39.607
7,Qwen/Qwen2.5-7B-Instruct,1200,1126,100.0,3054688,16.071,16.071,0.806,10.023,0.0,39.405
7,Qwen/Qwen3-14B,1200,1126,100.0,4363840,16.25,16.25,0.815,10.134,0.0,39.465
7,Qwen/Qwen3-30B-A3B-GPTQ-Int4,1200,1126,100.0,5236608,16.667,16.667,0.836,10.394,0.0,39.607
7,Qwen/Qwen3-32B,1200,1126,100.0,6982144,16.406,16.406,0.823,10.232,0.0,39.518
7,Qwen/Qwen3-4B,1200,1126,100.0,3927456,16.667,16.667,0.836,10.394,0.0,39.607
7,Qwen/Qwen3-4B-Instruct-2507,1240,1166,100.0,7377408,16.667,16.667,0.836,10.441,0.0,39.802
7,Qwen/Qwen3-8B,1200,1126,100.0,3927456,16.667,16.667,0.836,10.394,0.0,39.607
7,kaitchup/Qwen3-32B-autoround-2bit-gptq,1200,1126,100.0,6982144,16.406,16.406,0.823,10.232,0.0,39.518
7,kaitchup/Qwen3-32B-autoround-4bit-gptq,1200,1126,100.0,6982144,16.406,16.406,0.823,10.232,0.0,39.518
8,JunHowie/Qwen3-32B-GPTQ-Int4,1240,1115,100.0,11555840,16.406,16.406,0.782,10.259,0.0,37.926
8,Qwen/Qwen2.5-0.5B-Instruct,1200,1075,100.0,2437632,16.667,16.667,0.795,10.372,0.0,37.756
8,Qwen/Qwen2.5-1.5B-Instruct,1200,1075,100.0,2843904,16.071,16.071,0.766,10.002,0.0,37.563
8,Qwen/Qwen2.5-32B-Instruct-AWQ,1200,1075,100.0,6500352,16.406,16.406,0.782,10.21,0.0,37.672
8,Qwen/Qwen2.5-32B-Instruct-GPTQ-Int4,1200,1075,100.0,6500352,16.406,16.406,0.782,10.21,0.0,37.672
8,Qwen/Qwen2.5-3B-Instruct,1200,1075,100.0,3656448,16.667,16.667,0.795,10.372,0.0,37.756
8,Qwen/Qwen2.5-7B-Instruct,1200,1075,100.0,2843904,16.071,16.071,0.766,10.002,0.0,37.563
8,Qwen/Qwen3-14B,1240,1115,100.0,7222400,16.25,16.25,0.775,10.161,0.0,37.875
8,Qwen/Qwen3-30B-A3B-GPTQ-Int4,1240,1115,100.0,8666880,16.667,16.667,0.795,10.422,0.0,38.01
8,Qwen/Qwen3-32B,1240,1115,100.0,11555840,16.406,16.406,0.782,10.259,0.0,37.926
8,Qwen/Qwen3-4B,1240,1115,100.0,6500160,16.667,16.667,0.795,10.422,0.0,38.01
8,Qwen/Qwen3-4B-Instruct-2507,1240,1115,100.0,6500160,16.667,16.667,0.795,10.422,0.0,38.01
8,Qwen/Qwen3-8B,1240,1115,100.0,6500160,16.667,16.667,0.795,10.422,0.0,38.01
8,kaitchup/Qwen3-32B-autoround-2bit-gptq,1240,1115,100.0,11555840,16.406,16.406,0.782,10.259,0.0,37.926
8,kaitchup/Qwen3-32B-autoround-4bit-gptq,1240,1115,100.0,11555840,16.406,16.406,0.782,10.259,0.0,37.926
9,JunHowie/Qwen3-32B-GPTQ-Int4,1240,1138,100.0,11739136,16.406,16.406,0.497,10.204,0.0,38.542
9,Qwen/Qwen2.5-0.5B-Instruct,1200,1098,100.0,2682816,16.667,16.667,0.505,10.316,0.0,38.395
9,Qwen/Qwen2.5-1.5B-Instruct,1200,1098,100.0,3129952,16.071,16.071,0.487,9.948,0.0,38.199
9,Qwen/Qwen2.5-32B-Instruct-AWQ,1200,1098,100.0,7154176,16.406,16.406,0.497,10.155,0.0,38.309
9,Qwen/Qwen2.5-32B-Instruct-GPTQ-Int4,1200,1098,100.0,7154176,16.406,16.406,0.497,10.155,0.0,38.309
9,Qwen/Qwen2.5-3B-Instruct,1200,1098,100.0,4024224,16.667,16.667,0.505,10.316,0.0,38.395
9,Qwen/Qwen2.5-7B-Instruct,1200,1098,100.0,3129952,16.071,16.071,0.487,9.948,0.0,38.199
9,Qwen/Qwen3-14B,1240,1138,100.0,7336960,16.25,16.25,0.492,10.107,0.0,38.49
9,Qwen/Qwen3-30B-A3B-GPTQ-Int4,1240,1138,100.0,8804352,16.667,16.667,0.505,10.366,0.0,38.628
9,Qwen/Qwen3-32B,1240,1138,100.0,11739136,16.406,16.406,0.497,10.204,0.0,38.542
9,Qwen/Qwen3-4B,1240,1138,100.0,6603264,16.667,16.667,0.505,10.366,0.0,38.628
9,Qwen/Qwen3-4B-Instruct-2507,1240,1138,100.0,6603264,16.667,16.667,0.505,10.366,0.0,38.628
9,Qwen/Qwen3-8B,1240,1138,100.0,6603264,16.667,16.667,0.505,10.366,0.0,38.628
9,kaitchup/Qwen3-32B-autoround-2bit-gptq,1240,1138,100.0,11739136,16.406,16.406,0.497,10.204,0.0,38.542
9,kaitchup/Qwen3-32B-autoround-4bit-gptq,1240,1138,100.0,11739136,16.406,16.406,0.497,10.204,0.0,38.542
10,JunHowie/Qwen3-32B-GPTQ-Int4,1200,1200,100.0,21082112,16.406,16.406,1.744,11.325,11.186,44.958
10,Qwen/Qwen2.5-0.5B-Instruct,1200,1200,100.0,7905792,16.667,16.667,1.772,11.505,11.211,45.059
10,Qwen/Qwen2.5-1.5B-Instruct,1200,1200,100.0,9223424,16.071,16.071,1.709,11.094,11.154,44.829
10,Qwen/Qwen2.5-32B-Instruct-AWQ,1200,1200,100.0,21082112,16.406,16.406,1.744,11.325,11.186,44.958
10,Qwen/Qwen2.5-32B-Instruct-GPTQ-Int4,1200,1200,100.0,21082112,16.406,16.406,1.744,11.325,11.186,44.958
10,Qwen/Qwen2.5-3B-Instruct,1200,1200,100.0,11858688,16.667,16.667,1.772,11.505,11.211,45.059
10,Qwen/Qwen2.5-7B-Instruct,1200,1200,100.0,9223424,16.071,16.071,1.709,11.094,11.154,44.829
10,Qwen/Qwen3-14B,1200,1200,100.0,13176320,16.25,16.25,1.728,11.217,11.171,44.898
10,Qwen/Qwen3-30B-A3B-GPTQ-Int4,1200,1200,100.0,15811584,16.667,16.667,1.772,11.505,11.211,45.059
10,Qwen/Qwen3-32B,1200,1200,100.0,21082112,16.406,16.406,1.744,11.325,11.186,44.958
10,Qwen/Qwen3-4B,1200,1200,100.0,11858688,16.667,16.667,1.772,11.505,11.211,45.059
10,Qwen/Qwen3-4B-Instruct-2507,1240,1240,100.0,15851232,16.667,16.667,1.772,11.514,11.211,45.079
10,Qwen/Qwen3-8B,1200,1200,100.0,11858688,16.667,16.667,1.772,11.505,11.211,45.059
10,kaitchup/Qwen3-32B-autoround-2bit-gptq,1200,1200,100.0,21082112,16.406,16.406,1.744,11.325,11.186,44.958
10,kaitchup/Qwen3-32B-autoround-4bit-gptq,1200,1200,100.0,21082112,16.406,16.406,1.744,11.325,11.186,44.958
11,JunHowie/Qwen3-32B-GPTQ-Int4,1200,1108,100.0,7411712,16.406,16.406,0.314,10.183,0.0,38.707
11,Qwen/Qwen2.5-0.5B-Instruct,1200,1108,100.0,2779392,16.667,16.667,0.319,10.345,0.0,38.794
11,Qwen/Qwen2.5-1.5B-Instruct,1200,1108,100.0,3242624,16.071,16.071,0.308,9.975,0.0,38.596
11,Qwen/Qwen2.5-32B-Instruct-AWQ,1200,1108,100.0,7411712,16.406,16.406,0.314,10.183,0.0,38.707
11,Qwen/Qwen2.5-32B-Instruct-GPTQ-Int4,1200,1108,100.0,7411712,16.406,16.406,0.314,10.183,0.0,38.707
11,Qwen/Qwen2.5-3B-Instruct,1200,1108,100.0,4169088,16.667,16.667,0.319,10.345,0.0,38.794
11,Qwen/Qwen2.5-7B-Instruct,1200,1108,100.0,3242624,16.071,16.071,0.308,9.975,0.0,38.596
11,Qwen/Qwen3-14B,1200,1108,100.0,4632320,16.25,16.25,0.311,10.086,0.0,38.655
11,Qwen/Qwen3-30B-A3B-GPTQ-Int4,1200,1108,100.0,5558784,16.667,16.667,0.319,10.345,0.0,38.794
11,Qwen/Qwen3-32B,1200,1108,100.0,7411712,16.406,16.406,0.314,10.183,0.0,38.707
11,Qwen/Qwen3-4B,1200,1108,100.0,4169088,16.667,16.667,0.319,10.345,0.0,38.794
11,Qwen/Qwen3-4B-Instruct-2507,1240,1148,100.0,7246080,16.667,16.667,0.319,10.394,0.0,39.015
11,Qwen/Qwen3-8B,1200,1108,100.0,4169088,16.667,16.667,0.319,10.345,0.0,38.794
11,kaitchup/Qwen3-32B-autoround-2bit-gptq,1200,1108,100.0,7411712,16.406,16.406,0.314,10.183,0.0,38.707
11,kaitchup/Qwen3-32B-autoround-4bit-gptq,1200,1108,100.0,7411712,16.406,16.406,0.314,10.183,0.0,38.707
12,JunHowie/Qwen3-32B-GPTQ-Int4,1200,1056,100.0,7432192,16.406,16.406,0.803,10.215,0.0,37.006
12,Qwen/Qwen2.5-0.5B-Instruct,1200,1056,100.0,2787072,16.667,16.667,0.815,10.377,0.0,37.089
12,Qwen/Qwen2.5-1.5B-Instruct,1200,1056,100.0,3251584,16.071,16.071,0.786,10.006,0.0,36.9
12,Qwen/Qwen2.5-32B-Instruct-AWQ,1200,1056,100.0,7432192,16.406,16.406,0.803,10.215,0.0,37.006
12,Qwen/Qwen2.5-32B-Instruct-GPTQ-Int4,1200,1056,100.0,7432192,16.406,16.406,0.803,10.215,0.0,37.006
12,Qwen/Qwen2.5-3B-Instruct,1200,1056,100.0,4180608,16.667,16.667,0.815,10.377,0.0,37.089
12,Qwen/Qwen2.5-7B-Instruct,1200,1056,100.0,3251584,16.071,16.071,0.786,10.006,0.0,36.9
12,Qwen/Qwen3-14B,1200,1056,100.0,4645120,16.25,16.25,0.795,10.118,0.0,36.957
12,Qwen/Qwen3-30B-A3B-GPTQ-Int4,1200,1056,100.0,5574144,16.667,16.667,0.815,10.377,0.0,37.089
12,Qwen/Qwen3-32B,1200,1056,100.0,7432192,16.406,16.406,0.803,10.215,0.0,37.006
12,Qwen/Qwen3-4B,1200,1056,100.0,4180608,16.667,16.667,0.815,10.377,0.0,37.089
12,Qwen/Qwen3-4B-Instruct-2507,1240,1096,100.0,8123616,16.667,16.667,0.815,10.428,0.0,37.366
12,Qwen/Qwen3-8B,1200,1056,100.0,4180608,16.667,16.667,0.815,10.377,0.0,37.089
12,kaitchup/Qwen3-32B-autoround-2bit-gptq,1200,1056,100.0,7432192,16.406,16.406,0.803,10.215,0.0,37.006
12,kaitchup/Qwen3-32B-autoround-4bit-gptq,1200,1056,100.0,7432192,16.406,16.406,0.803,10.215,0.0,37.006
13,JunHowie/Qwen3-32B-GPTQ-Int4,1240,1233,100.0,13764608,16.406,16.406,0.794,10.748,0.0,43.228
13,Qwen/Qwen2.5-0.5B-Instruct,1200,1193,100.0,3436416,16.667,16.667,0.806,10.891,0.0,43.248
13,Qwen/Qwen2.5-1.5B-Instruct,1200,1193,100.0,4009152,16.071,16.071,0.777,10.502,0.0,43.027
13,Qwen/Qwen2.5-32B-Instruct-AWQ,1200,1193,100.0,9163776,16.406,16.406,0.794,10.72,0.0,43.151
13,Qwen/Qwen2.5-32B-Instruct-GPTQ-Int4,1200,1193,100.0,9163776,16.406,16.406,0.794,10.72,0.0,43.151
13,Qwen/Qwen2.5-3B-Instruct,1200,1193,100.0,5154624,16.667,16.667,0.806,10.891,0.0,43.248
13,Qwen/Qwen2.5-7B-Instruct,1200,1193,100.0,4009152,16.071,16.071,0.777,10.502,0.0,43.027
13,Qwen/Qwen3-14B,1240,1233,100.0,8602880,16.25,16.25,0.786,10.645,0.0,43.17
13,Qwen/Qwen3-30B-A3B-GPTQ-Int4,1240,1233,100.0,10323456,16.667,16.667,0.806,10.918,0.0,43.325
13,Qwen/Qwen3-32B,1240,1233,100.0,13764608,16.406,16.406,0.794,10.748,0.0,43.228
13,Qwen/Qwen3-4B,1240,1233,100.0,7742592,16.667,16.667,0.806,10.918,0.0,43.325
13,Qwen/Qwen3-4B-Instruct-2507,1240,1233,100.0,7742592,16.667,16.667,0.806,10.918,0.0,43.325
13,Qwen/Qwen3-8B,1240,1233,100.0,7742592,16.667,16.667,0.806,10.918,0.0,43.325
13,kaitchup/Qwen3-32B-autoround-2bit-gptq,1240,1233,100.0,13764608,16.406,16.406,0.794,10.748,0.0,43.228
13,kaitchup/Qwen3-32B-autoround-4bit-gptq,1240,1233,100.0,13764608,16.406,16.406,0.794,10.748,0.0,43.228
14,JunHowie/Qwen3-32B-GPTQ-Int4,1240,1163,100.0,11405824,16.406,16.406,0.804,10.243,0.0,39.533
14,Qwen/Qwen2.5-0.5B-Instruct,1240,1163,100.0,4277184,16.667,16.667,0.817,10.406,0.0,39.621
14,Qwen/Qwen2.5-1.5B-Instruct,1240,1163,100.0,4990048,16.071,16.071,0.788,10.034,0.0,39.419
14,Qwen/Qwen2.5-32B-Instruct-AWQ,1240,1163,100.0,11405824,16.406,16.406,0.804,10.243,0.0,39.533
14,Qwen/Qwen2.5-32B-Instruct-GPTQ-Int4,1240,1163,100.0,11405824,16.406,16.406,0.804,10.243,0.0,39.533
14,Qwen/Qwen2.5-3B-Instruct,1240,1163,100.0,6415776,16.667,16.667,0.817,10.406,0.0,39.621
14,Qwen/Qwen2.5-7B-Instruct,1240,1163,100.0,4990048,16.071,16.071,0.788,10.034,0.0,39.419
14,Qwen/Qwen3-14B,1240,1163,100.0,7128640,16.25,16.25,0.796,10.146,0.0,39.48
14,Qwen/Qwen3-30B-A3B-GPTQ-Int4,1240,1163,100.0,8554368,16.667,16.667,0.817,10.406,0.0,39.621
14,Qwen/Qwen3-32B,1240,1163,100.0,11405824,16.406,16.406,0.804,10.243,0.0,39.533
14,Qwen/Qwen3-4B,1240,1163,100.0,6415776,16.667,16.667,0.817,10.406,0.0,39.621
14,Qwen/Qwen3-4B-Instruct-2507,1240,1163,100.0,6415776,16.667,16.667,0.817,10.406,0.0,39.621
14,Qwen/Qwen3-8B,1240,1163,100.0,6415776,16.667,16.667,0.817,10.406,0.0,39.621
14,kaitchup/Qwen3-32B-autoround-2bit-gptq,1240,1163,100.0,11405824,16.406,16.406,0.804,10.243,0.0,39.533
14,kaitchup/Qwen3-32B-autoround-4bit-gptq,1240,1163,100.0,11405824,16.406,16.406,0.804,10.243,0.0,39.533
15,JunHowie/Qwen3-32B-GPTQ-Int4,1240,1108,100.0,14337536,16.406,16.406,0.831,10.193,0.0,37.497
15,Qwen/Qwen2.5-0.5B-Instruct,1160,1028,100.0,2247168,16.667,16.667,0.844,10.247,0.0,37.026
15,Qwen/Qwen2.5-1.5B-Instruct,1160,1028,100.0,2621696,16.071,16.071,0.814,9.881,0.0,36.837
15,Qwen/Qwen2.5-32B-Instruct-AWQ,1160,1028,100.0,5992448,16.406,16.406,0.831,10.087,0.0,36.943
15,Qwen/Qwen2.5-32B-Instruct-GPTQ-Int4,1160,1028,100.0,5992448,16.406,16.406,0.831,10.087,0.0,36.943
15,Qwen/Qwen2.5-3B-Instruct,1160,1028,100.0,3370752,16.667,16.667,0.844,10.247,0.0,37.026
15,Qwen/Qwen2.5-7B-Instruct,1160,1028,100.0,2621696,16.071,16.071,0.814,9.881,0.0,36.837
15,Qwen/Qwen3-14B,1240,1108,100.0,8960960,16.25,16.25,0.823,10.096,0.0,37.447
15,Qwen/Qwen3-30B-A3B-GPTQ-Int4,1240,1108,100.0,10753152,16.667,16.667,0.844,10.355,0.0,37.581
15,Qwen/Qwen3-32B,1240,1108,100.0,14337536,16.406,16.406,0.831,10.193,0.0,37.497
15,Qwen/Qwen3-4B,1240,1108,100.0,8064864,16.667,16.667,0.844,10.355,0.0,37.581
15,Qwen/Qwen3-4B-Instruct-2507,1240,1108,100.0,8064864,16.667,16.667,0.844,10.355,0.0,37.581
15,Qwen/Qwen3-8B,1240,1108,100.0,8064864,16.667,16.667,0.844,10.355,0.0,37.581
15,kaitchup/Qwen3-32B-autoround-2bit-gptq,1240,1108,100.0,14337536,16.406,16.406,0.831,10.193,0.0,37.497
15,kaitchup/Qwen3-32B-autoround-4bit-gptq,1240,1108,100.0,14337536,16.406,16.406,0.831,10.193,0.0,37.497
16,JunHowie/Qwen3-32B-GPTQ-Int4,1240,1149,100.0,10978304,16.406,16.406,0.781,10.24,0.0,39.01
16,Qwen/Qwen2.5-0.5B-Instruct,1240,1149,100.0,4116864,16.667,16.667,0.794,10.402,0.0,39.097
16,Qwen/Qwen2.5-1.5B-Instruct,1240,1149,100.0,4803008,16.071,16.071,0.765,10.031,0.0,38.898
16,Qwen/Qwen2.5-32B-Instruct-AWQ,1240,1149,100.0,10978304,16.406,16.406,0.781,10.24,0.0,39.01
16,Qwen/Qwen2.5-32B-Instruct-GPTQ-Int4,1240,1149,100.0,10978304,16.406,16.406,0.781,10.24,0.0,39.01
16,Qwen/Qwen2.5-3B-Instruct,1240,1149,100.0,6175296,16.667,16.667,0.794,10.402,0.0,39.097
16,Qwen/Qwen2.5-7B-Instruct,1240,1149,100.0,4803008,16.071,16.071,0.765,10.031,0.0,38.898
16,Qwen/Qwen3-14B,1240,1149,100.0,6861440,16.25,16.25,0.774,10.142,0.0,38.958
16,Qwen/Qwen3-30B-A3B-GPTQ-Int4,1240,1149,100.0,8233728,16.667,16.667,0.794,10.402,0.0,39.097
16,Qwen/Qwen3-32B,1240,1149,100.0,10978304,16.406,16.406,0.781,10.24,0.0,39.01
16,Qwen/Qwen3-4B,1240,1149,100.0,6175296,16.667,16.667,0.794,10.402,0.0,39.097
16,Qwen/Qwen3-4B-Instruct-2507,1240,1149,100.0,6175296,16.667,16.667,0.794,10.402,0.0,39.097
16,Qwen/Qwen3-8B,1240,1149,100.0,6175296,16.667,16.667,0.794,10.402,0.0,39.097
16,kaitchup/Qwen3-32B-autoround-2bit-gptq,1240,1149,100.0,10978304,16.406,16.406,0.781,10.24,0.0,39.01
16,kaitchup/Qwen3-32B-autoround-4bit-gptq,1240,1149,100.0,10978304,16.406,16.406,0.781,10.24,0.0,39.01
17,JunHowie/Qwen3-32B-GPTQ-Int4,1200,1200,100.0,35563520,16.406,16.406,2.086,11.47,13.133,45.311
17,Qwen/Qwen2.5-0.5B-Instruct,1200,1200,100.0,13336320,16.667,16.667,2.119,11.652,13.163,45.412
17,Qwen/Qwen2.5-1.5B-Instruct,1200,1200,100.0,15559040,16.071,16.071,2.044,11.236,13.095,45.181
17,Qwen/Qwen2.5-32B-Instruct-AWQ,1200,1200,100.0,35563520,16.406,16.406,2.086,11.47,13.133,45.311
17,Qwen/Qwen2.5-32B-Instruct-GPTQ-Int4,1200,1200,100.0,35563520,16.406,16.406,2.086,11.47,13.133,45.311
17,Qwen/Qwen2.5-3B-Instruct,1200,1200,100.0,20004480,16.667,16.667,2.119,11.652,13.163,45.412
17,Qwen/Qwen2.5-7B-Instruct,1200,1200,100.0,15559040,16.071,16.071,2.044,11.236,13.095,45.181
17,Qwen/Qwen3-14B,1200,1200,100.0,22227200,16.25,16.25,2.066,11.361,13.116,45.25
17,Qwen/Qwen3-30B-A3B-GPTQ-Int4,1200,1200,100.0,26672640,16.667,16.667,2.119,11.652,13.163,45.412
17,Qwen/Qwen3-32B,1200,1200,100.0,35563520,16.406,16.406,2.086,11.47,13.133,45.311
17,Qwen/Qwen3-4B,1200,1200,100.0,20004480,16.667,16.667,2.119,11.652,13.163,45.412
17,Qwen/Qwen3-4B-Instruct-2507,1240,1240,100.0,23370048,16.667,16.667,2.119,11.656,13.163,45.42
17,Qwen/Qwen3-8B,1200,1200,100.0,20004480,16.667,16.667,2.119,11.652,13.163,45.412
17,kaitchup/Qwen3-32B-autoround-2bit-gptq,1200,1200,100.0,35563520,16.406,16.406,2.086,11.47,13.133,45.311
17,kaitchup/Qwen3-32B-autoround-4bit-gptq,1200,1200,100.0,35563520,16.406,16.406,2.086,11.47,13.133,45.311
18,JunHowie/Qwen3-32B-GPTQ-Int4,1240,1149,100.0,12278784,16.406,16.406,0.127,10.149,0.0,38.818
18,Qwen/Qwen2.5-0.5B-Instruct,1200,1109,100.0,3058368,16.667,16.667,0.129,10.258,0.0,38.68
18,Qwen/Qwen2.5-1.5B-Instruct,1200,1109,100.0,3568096,16.071,16.071,0.125,9.892,0.0,38.483
18,Qwen/Qwen2.5-32B-Instruct-AWQ,1200,1109,100.0,8155648,16.406,16.406,0.127,10.098,0.0,38.594
18,Qwen/Qwen2.5-32B-Instruct-GPTQ-Int4,1200,1109,100.0,8155648,16.406,16.406,0.127,10.098,0.0,38.594
18,Qwen/Qwen2.5-3B-Instruct,1200,1109,100.0,4587552,16.667,16.667,0.129,10.258,0.0,38.68
18,Qwen/Qwen2.5-7B-Instruct,1200,1109,100.0,3568096,16.071,16.071,0.125,9.892,0.0,38.483
18,Qwen/Qwen3-14B,1240,1149,100.0,7674240,16.25,16.25,0.126,10.052,0.0,38.766
18,Qwen/Qwen3-30B-A3B-GPTQ-Int4,1240,1149,100.0,9209088,16.667,16.667,0.129,10.31,0.0,38.905
18,Qwen/Qwen3-32B,1240,1149,100.0,12278784,16.406,16.406,0.127,10.149,0.0,38.818
18,Qwen/Qwen3-4B,1240,1149,100.0,6906816,16.667,16.667,0.129,10.31,0.0,38.905
18,Qwen/Qwen3-4B-Instruct-2507,1240,1149,100.0,6906816,16.667,16.667,0.129,10.31,0.0,38.905
18,Qwen/Qwen3-8B,1240,1149,100.0,6906816,16.667,16.667,0.129,10.31,0.0,38.905
18,kaitchup/Qwen3-32B-autoround-2bit-gptq,1240,1149,100.0,12278784,16.406,16.406,0.127,10.149,0.0,38.818
18,kaitchup/Qwen3-32B-autoround-4bit-gptq,1240,1149,100.0,12278784,16.406,16.406,0.127,10.149,0.0,38.818
19,JunHowie/Qwen3-32B-GPTQ-Int4,1240,1163,100.0,13006848,16.406,16.406,0.497,10.238,0.0,39.508
19,Qwen/Qwen2.5-0.5B-Instruct,1160,1083,100.0,1638720,16.667,16.667,0.505,10.301,0.0,39.179
19,Qwen/Qwen2.5-1.5B-Instruct,1160,1083,100.0,1911840,16.071,16.071,0.487,9.933,0.0,38.98
19,Qwen/Qwen2.5-32B-Instruct-AWQ,1160,1083,100.0,4369920,16.406,16.406,0.497,10.14,0.0,39.092
19,Qwen/Qwen2.5-32B-Instruct-GPTQ-Int4,1160,1083,100.0,4369920,16.406,16.406,0.497,10.14,0.0,39.092
19,Qwen/Qwen2.5-3B-Instruct,1160,1083,100.0,2458080,16.667,16.667,0.505,10.301,0.0,39.179
19,Qwen/Qwen2.5-7B-Instruct,1160,1083,100.0,1911840,16.071,16.071,0.487,9.933,0.0,38.98
19,Qwen/Qwen3-14B,1240,1163,100.0,8129280,16.25,16.25,0.492,10.141,0.0,39.455
19,Qwen/Qwen3-30B-A3B-GPTQ-Int4,1240,1163,100.0,9755136,16.667,16.667,0.505,10.401,0.0,39.596
19,Qwen/Qwen3-32B,1240,1163,100.0,13006848,16.406,16.406,0.497,10.238,0.0,39.508
19,Qwen/Qwen3-4B,1240,1163,100.0,7316352,16.667,16.667,0.505,10.401,0.0,39.596
19,Qwen/Qwen3-4B-Instruct-2507,1240,1163,100.0,7316352,16.667,16.667,0.505,10.401,0.0,39.596
19,Qwen/Qwen3-8B,1240,1163,100.0,7316352,16.667,16.667,0.505,10.401,0.0,39.596
19,kaitchup/Qwen3-32B-autoround-2bit-gptq,1240,1163,100.0,13006848,16.406,16.406,0.497,10.238,0.0,39.508
19,kaitchup/Qwen3-32B-autoround-4bit-gptq,1240,1163,100.0,13006848,16.406,16.406,0.497,10.238,0.0,39.508
20,JunHowie/Qwen3-32B-GPTQ-Int4,1200,1200,100.0,21935616,16.406,16.406,1.732,11.357,11.116,45.029
20,Qwen/Qwen2.5-0.5B-Instruct,1200,1200,100.0,8225856,16.667,16.667,1.76,11.537,11.141,45.13
20,Qwen/Qwen2.5-1.5B-Instruct,1200,1200,100.0,9596832,16.071,16.071,1.697,11.125,11.084,44.9
20,Qwen/Qwen2.5-32B-Instruct-AWQ,1200,1200,100.0,21935616,16.406,16.406,1.732,11.357,11.116,45.029
20,Qwen/Qwen2.5-32B-Instruct-GPTQ-Int4,1200,1200,100.0,21935616,16.406,16.406,1.732,11.357,11.116,45.029
20,Qwen/Qwen2.5-3B-Instruct,1200,1200,100.0,12338784,16.667,16.667,1.76,11.537,11.141,45.13
20,Qwen/Qwen2.5-7B-Instruct,1200,1200,100.0,9596832,16.071,16.071,1.697,11.125,11.084,44.9
20,Qwen/Qwen3-14B,1200,1200,100.0,13709760,16.25,16.25,1.716,11.249,11.101,44.969
20,Qwen/Qwen3-30B-A3B-GPTQ-Int4,1200,1200,100.0,16451712,16.667,16.667,1.76,11.537,11.141,45.13
20,Qwen/Qwen3-32B,1200,1200,100.0,21935616,16.406,16.406,1.732,11.357,11.116,45.029
20,Qwen/Qwen3-4B,1200,1200,100.0,12338784,16.667,16.667,1.76,11.537,11.141,45.13
20,Qwen/Qwen3-4B-Instruct-2507,1240,1240,100.0,17043552,16.667,16.667,1.76,11.545,11.141,45.148
20,Qwen/Qwen3-8B,1200,1200,100.0,12338784,16.667,16.667,1.76,11.537,11.141,45.13
20,kaitchup/Qwen3-32B-autoround-2bit-gptq,1200,1200,100.0,21935616,16.406,16.406,1.732,11.357,11.116,45.029
20,kaitchup/Qwen3-32B-autoround-4bit-gptq,1200,1200,100.0,21935616,16.406,16.406,1.732,11.357,11.116,45.029
21,JunHowie/Qwen3-32B-GPTQ-Int4,1240,1114,100.0,9465344,16.406,16.406,0.797,10.165,0.0,37.679
21,Qwen/Qwen2.5-0.5B-Instruct,1240,1114,100.0,3549504,16.667,16.667,0.809,10.327,0.0,37.764
21,Qwen/Qwen2.5-1.5B-Instruct,1240,1114,100.0,4141088,16.071,16.071,0.78,9.958,0.0,37.571
21,Qwen/Qwen2.5-32B-Instruct-AWQ,1240,1114,100.0,9465344,16.406,16.406,0.797,10.165,0.0,37.679
21,Qwen/Qwen2.5-32B-Instruct-GPTQ-Int4,1240,1114,100.0,9465344,16.406,16.406,0.797,10.165,0.0,37.679
21,Qwen/Qwen2.5-3B-Instruct,1240,1114,100.0,5324256,16.667,16.667,0.809,10.327,0.0,37.764
21,Qwen/Qwen2.5-7B-Instruct,1240,1114,100.0,4141088,16.071,16.071,0.78,9.958,0.0,37.571
21,Qwen/Qwen3-14B,1240,1114,100.0,5915840,16.25,16.25,0.789,10.069,0.0,37.629
21,Qwen/Qwen3-30B-A3B-GPTQ-Int4,1240,1114,100.0,7099008,16.667,16.667,0.809,10.327,0.0,37.764
21,Qwen/Qwen3-32B,1240,1114,100.0,9465344,16.406,16.406,0.797,10.165,0.0,37.679
21,Qwen/Qwen3-4B,1240,1114,100.0,5324256,16.667,16.667,0.809,10.327,0.0,37.764
21,Qwen/Qwen3-4B-Instruct-2507,1240,1114,100.0,5324256,16.667,16.667,0.809,10.327,0.0,37.764
21,Qwen/Qwen3-8B,1240,1114,100.0,5324256,16.667,16.667,0.809,10.327,0.0,37.764
21,kaitchup/Qwen3-32B-autoround-2bit-gptq,1240,1114,100.0,9465344,16.406,16.406,0.797,10.165,0.0,37.679
21,kaitchup/Qwen3-32B-autoround-4bit-gptq,1240,1114,100.0,9465344,16.406,16.406,0.797,10.165,0.0,37.679
22,JunHowie/Qwen3-32B-GPTQ-Int4,1240,1119,100.0,11502592,16.406,16.406,0.19,10.249,0.0,37.996
22,Qwen/Qwen2.5-0.5B-Instruct,1200,1079,100.0,2572992,16.667,16.667,0.193,10.362,0.0,37.828
22,Qwen/Qwen2.5-1.5B-Instruct,1200,1079,100.0,3001824,16.071,16.071,0.186,9.992,0.0,37.635
22,Qwen/Qwen2.5-32B-Instruct-AWQ,1200,1079,100.0,6861312,16.406,16.406,0.19,10.201,0.0,37.744
22,Qwen/Qwen2.5-32B-Instruct-GPTQ-Int4,1200,1079,100.0,6861312,16.406,16.406,0.19,10.201,0.0,37.744
22,Qwen/Qwen2.5-3B-Instruct,1200,1079,100.0,3859488,16.667,16.667,0.193,10.362,0.0,37.828
22,Qwen/Qwen2.5-7B-Instruct,1200,1079,100.0,3001824,16.071,16.071,0.186,9.992,0.0,37.635
22,Qwen/Qwen3-14B,1240,1119,100.0,7189120,16.25,16.25,0.188,10.152,0.0,37.945
22,Qwen/Qwen3-30B-A3B-GPTQ-Int4,1240,1119,100.0,8626944,16.667,16.667,0.193,10.412,0.0,38.081
22,Qwen/Qwen3-32B,1240,1119,100.0,11502592,16.406,16.406,0.19,10.249,0.0,37.996
22,Qwen/Qwen3-4B,1240,1119,100.0,6470208,16.667,16.667,0.193,10.412,0.0,38.081
22,Qwen/Qwen3-4B-Instruct-2507,1240,1119,100.0,6470208,16.667,16.667,0.193,10.412,0.0,38.081
22,Qwen/Qwen3-8B,1240,1119,100.0,6470208,16.667,16.667,0.193,10.412,0.0,38.081
22,kaitchup/Qwen3-32B-autoround-2bit-gptq,1240,1119,100.0,11502592,16.406,16.406,0.19,10.249,0.0,37.996
22,kaitchup/Qwen3-32B-autoround-4bit-gptq,1240,1119,100.0,11502592,16.406,16.406,0.19,10.249,0.0,37.996
23,JunHowie/Qwen3-32B-GPTQ-Int4,1240,1156,100.0,10855424,16.406,16.406,0.064,10.198,0.0,39.164
23,Qwen/Qwen2.5-0.5B-Instruct,1240,1156,100.0,4070784,16.667,16.667,0.065,10.36,0.0,39.252
23,Qwen/Qwen2.5-1.5B-Instruct,1240,1156,100.0,4749248,16.071,16.071,0.063,9.99,0.0,39.051
23,Qwen/Qwen2.5-32B-Instruct-AWQ,1240,1156,100.0,10855424,16.406,16.406,0.064,10.198,0.0,39.164
23,Qwen/Qwen2.5-32B-Instruct-GPTQ-Int4,1240,1156,100.0,10855424,16.406,16.406,0.064,10.198,0.0,39.164
23,Qwen/Qwen2.5-3B-Instruct,1240,1156,100.0,6106176,16.667,16.667,0.065,10.36,0.0,39.252
23,Qwen/Qwen2.5-7B-Instruct,1240,1156,100.0,4749248,16.071,16.071,0.063,9.99,0.0,39.051
23,Qwen/Qwen3-14B,1240,1156,100.0,6784640,16.25,16.25,0.063,10.101,0.0,39.111
23,Qwen/Qwen3-30B-A3B-GPTQ-Int4,1240,1156,100.0,8141568,16.667,16.667,0.065,10.36,0.0,39.252
23,Qwen/Qwen3-32B,1240,1156,100.0,10855424,16.406,16.406,0.064,10.198,0.0,39.164
23,Qwen/Qwen3-4B,1240,1156,100.0,6106176,16.667,16.667,0.065,10.36,0.0,39.252
23,Qwen/Qwen3-4B-Instruct-2507,1240,1156,100.0,6106176,16.667,16.667,0.065,10.36,0.0,39.252
23,Qwen/Qwen3-8B,1240,1156,100.0,6106176,16.667,16.667,0.065,10.36,0.0,39.252
23,kaitchup/Qwen3-32B-autoround-2bit-gptq,1240,1156,100.0,10855424,16.406,16.406,0.064,10.198,0.0,39.164
23,kaitchup/Qwen3-32B-autoround-4bit-gptq,1240,1156,100.0,10855424,16.406,16.406,0.064,10.198,0.0,39.164
24,JunHowie/Qwen3-32B-GPTQ-Int4,1200,1074,100.0,9697280,16.406,16.406,0.314,10.293,0.0,37.825
24,Qwen/Qwen2.5-0.5B-Instruct,1200,1074,100.0,3636480,16.667,16.667,0.319,10.457,0.0,37.909
24,Qwen/Qwen2.5-1.5B-Instruct,1200,1074,100.0,4242560,16.071,16.071,0.308,10.083,0.0,37.716
24,Qwen/Qwen2.5-32B-Instruct-AWQ,1200,1074,100.0,9697280,16.406,16.406,0.314,10.293,0.0,37.825
24,Qwen/Qwen2.5-32B-Instruct-GPTQ-Int4,1200,1074,100.0,9697280,16.406,16.406,0.314,10.293,0.0,37.825
24,Qwen/Qwen2.5-3B-Instruct,1200,1074,100.0,5454720,16.667,16.667,0.319,10.457,0.0,37.909
24,Qwen/Qwen2.5-7B-Instruct,1200,1074,100.0,4242560,16.071,16.071,0.308,10.083,0.0,37.716
24,Qwen/Qwen3-14B,1200,1074,100.0,6060800,16.25,16.25,0.311,10.195,0.0,37.774
24,Qwen/Qwen3-30B-A3B-GPTQ-Int4,1200,1074,100.0,7272960,16.667,16.667,0.319,10.457,0.0,37.909
24,Qwen/Qwen3-32B,1200,1074,100.0,9697280,16.406,16.406,0.314,10.293,0.0,37.825
24,Qwen/Qwen3-4B,1200,1074,100.0,5454720,16.667,16.667,0.319,10.457,0.0,37.909
24,Qwen/Qwen3-4B-Instruct-2507,1240,1114,100.0,8530560,16.667,16.667,0.319,10.503,0.0,38.159
24,Qwen/Qwen3-8B,1200,1074,100.0,5454720,16.667,16.667,0.319,10.457,0.0,37.909
24,kaitchup/Qwen3-32B-autoround-2bit-gptq,1200,1074,100.0,9697280,16.406,16.406,0.314,10.293,0.0,37.825
24,kaitchup/Qwen3-32B-autoround-4bit-gptq,1200,1074,100.0,9697280,16.406,16.406,0.314,10.293,0.0,37.825
25,JunHowie/Qwen3-32B-GPTQ-Int4,1200,1099,100.0,8699392,16.406,16.406,0.314,10.107,0.0,38.19
25,Qwen/Qwen2.5-0.5B-Instruct,1200,1099,100.0,3262272,16.667,16.667,0.319,10.267,0.0,38.275
25,Qwen/Qwen2.5-1.5B-Instruct,1200,1099,100.0,3805984,16.071,16.071,0.308,9.9,0.0,38.08
25,Qwen/Qwen2.5-32B-Instruct-AWQ,1200,1099,100.0,8699392,16.406,16.406,0.314,10.107,0.0,38.19
25,Qwen/Qwen2.5-32B-Instruct-GPTQ-Int4,1200,1099,100.0,8699392,16.406,16.406,0.314,10.107,0.0,38.19
25,Qwen/Qwen2.5-3B-Instruct,1200,1099,100.0,4893408,16.667,16.667,0.319,10.267,0.0,38.275
25,Qwen/Qwen2.5-7B-Instruct,1200,1099,100.0,3805984,16.071,16.071,0.308,9.9,0.0,38.08
25,Qwen/Qwen3-14B,1200,1099,100.0,5437120,16.25,16.25,0.311,10.01,0.0,38.139
25,Qwen/Qwen3-30B-A3B-GPTQ-Int4,1200,1099,100.0,6524544,16.667,16.667,0.319,10.267,0.0,38.275
25,Qwen/Qwen3-32B,1200,1099,100.0,8699392,16.406,16.406,0.314,10.107,0.0,38.19
25,Qwen/Qwen3-4B,1200,1099,100.0,4893408,16.667,16.667,0.319,10.267,0.0,38.275
25,Qwen/Qwen3-4B-Instruct-2507,1240,1139,100.0,7772544,16.667,16.667,0.319,10.319,0.0,38.513
25,Qwen/Qwen3-8B,1200,1099,100.0,4893408,16.667,16.667,0.319,10.267,0.0,38.275
25,kaitchup/Qwen3-32B-autoround-2bit-gptq,1200,1099,100.0,8699392,16.406,16.406,0.314,10.107,0.0,38.19
25,kaitchup/Qwen3-32B-autoround-4bit-gptq,1200,1099,100.0,8699392,16.406,16.406,0.314,10.107,0.0,38.19
26,JunHowie/Qwen3-32B-GPTQ-Int4,1200,1192,100.0,10079232,16.406,16.406,0.866,10.738,0.0,43.193
26,Qwen/Qwen2.5-0.5B-Instruct,1200,1192,100.0,3779712,16.667,16.667,0.88,10.909,0.0,43.29
26,Qwen/Qwen2.5-1.5B-Instruct,1200,1192,100.0,4409664,16.071,16.071,0.849,10.519,0.0,43.069
26,Qwen/Qwen2.5-32B-Instruct-AWQ,1200,1192,100.0,10079232,16.406,16.406,0.866,10.738,0.0,43.193
26,Qwen/Qwen2.5-32B-Instruct-GPTQ-Int4,1200,1192,100.0,10079232,16.406,16.406,0.866,10.738,0.0,43.193
26,Qwen/Qwen2.5-3B-Instruct,1200,1192,100.0,5669568,16.667,16.667,0.88,10.909,0.0,43.29
26,Qwen/Qwen2.5-7B-Instruct,1200,1192,100.0,4409664,16.071,16.071,0.849,10.519,0.0,43.069
26,Qwen/Qwen3-14B,1200,1192,100.0,6299520,16.25,16.25,0.858,10.636,0.0,43.135
26,Qwen/Qwen3-30B-A3B-GPTQ-Int4,1200,1192,100.0,7559424,16.667,16.667,0.88,10.909,0.0,43.29
26,Qwen/Qwen3-32B,1200,1192,100.0,10079232,16.406,16.406,0.866,10.738,0.0,43.193
26,Qwen/Qwen3-4B,1200,1192,100.0,5669568,16.667,16.667,0.88,10.909,0.0,43.29
26,Qwen/Qwen3-4B-Instruct-2507,1240,1232,100.0,9441504,16.667,16.667,0.88,10.936,0.0,43.367
26,Qwen/Qwen3-8B,1200,1192,100.0,5669568,16.667,16.667,0.88,10.909,0.0,43.29
26,kaitchup/Qwen3-32B-autoround-2bit-gptq,1200,1192,100.0,10079232,16.406,16.406,0.866,10.738,0.0,43.193
26,kaitchup/Qwen3-32B-autoround-4bit-gptq,1200,1192,100.0,10079232,16.406,16.406,0.866,10.738,0.0,43.193
27,JunHowie/Qwen3-32B-GPTQ-Int4,1240,1127,100.0,12108288,16.406,16.406,0.784,10.227,0.0,38.258
27,Qwen/Qwen2.5-0.5B-Instruct,1200,1087,100.0,2750592,16.667,16.667,0.797,10.34,0.0,38.1
27,Qwen/Qwen2.5-1.5B-Instruct,1200,1087,100.0,3209024,16.071,16.071,0.768,9.97,0.0,37.906
27,Qwen/Qwen2.5-32B-Instruct-AWQ,1200,1087,100.0,7334912,16.406,16.406,0.784,10.178,0.0,38.015
27,Qwen/Qwen2.5-32B-Instruct-GPTQ-Int4,1200,1087,100.0,7334912,16.406,16.406,0.784,10.178,0.0,38.015
27,Qwen/Qwen2.5-3B-Instruct,1200,1087,100.0,4125888,16.667,16.667,0.797,10.34,0.0,38.1
27,Qwen/Qwen2.5-7B-Instruct,1200,1087,100.0,3209024,16.071,16.071,0.768,9.97,0.0,37.906
27,Qwen/Qwen3-14B,1240,1127,100.0,7567680,16.25,16.25,0.777,10.13,0.0,38.206
27,Qwen/Qwen3-30B-A3B-GPTQ-Int4,1240,1127,100.0,9081216,16.667,16.667,0.797,10.39,0.0,38.343
27,Qwen/Qwen3-32B,1240,1127,100.0,12108288,16.406,16.406,0.784,10.227,0.0,38.258
27,Qwen/Qwen3-4B,1240,1127,100.0,6810912,16.667,16.667,0.797,10.39,0.0,38.343
27,Qwen/Qwen3-4B-Instruct-2507,1240,1127,100.0,6810912,16.667,16.667,0.797,10.39,0.0,38.343
27,Qwen/Qwen3-8B,1240,1127,100.0,6810912,16.667,16.667,0.797,10.39,0.0,38.343
27,kaitchup/Qwen3-32B-autoround-2bit-gptq,1240,1127,100.0,12108288,16.406,16.406,0.784,10.227,0.0,38.258
27,kaitchup/Qwen3-32B-autoround-4bit-gptq,1240,1127,100.0,12108288,16.406,16.406,0.784,10.227,0.0,38.258
28,JunHowie/Qwen3-32B-GPTQ-Int4,1240,1105,100.0,11092992,16.406,16.406,0.252,10.334,0.0,37.797
28,Qwen/Qwen2.5-0.5B-Instruct,1240,1105,100.0,4159872,16.667,16.667,0.256,10.498,0.0,37.882
28,Qwen/Qwen2.5-1.5B-Instruct,1240,1105,100.0,4853184,16.071,16.071,0.247,10.123,0.0,37.688
28,Qwen/Qwen2.5-32B-Instruct-AWQ,1240,1105,100.0,11092992,16.406,16.406,0.252,10.334,0.0,37.797
28,Qwen/Qwen2.5-32B-Instruct-GPTQ-Int4,1240,1105,100.0,11092992,16.406,16.406,0.252,10.334,0.0,37.797
28,Qwen/Qwen2.5-3B-Instruct,1240,1105,100.0,6239808,16.667,16.667,0.256,10.498,0.0,37.882
28,Qwen/Qwen2.5-7B-Instruct,1240,1105,100.0,4853184,16.071,16.071,0.247,10.123,0.0,37.688
28,Qwen/Qwen3-14B,1240,1105,100.0,6933120,16.25,16.25,0.25,10.236,0.0,37.746
28,Qwen/Qwen3-30B-A3B-GPTQ-Int4,1240,1105,100.0,8319744,16.667,16.667,0.256,10.498,0.0,37.882
28,Qwen/Qwen3-32B,1240,1105,100.0,11092992,16.406,16.406,0.252,10.334,0.0,37.797
28,Qwen/Qwen3-4B,1240,1105,100.0,6239808,16.667,16.667,0.256,10.498,0.0,37.882
28,Qwen/Qwen3-4B-Instruct-2507,1240,1105,100.0,6239808,16.667,16.667,0.256,10.498,0.0,37.882
28,Qwen/Qwen3-8B,1240,1105,100.0,6239808,16.667,16.667,0.256,10.498,0.0,37.882
28,kaitchup/Qwen3-32B-autoround-2bit-gptq,1240,1105,100.0,11092992,16.406,16.406,0.252,10.334,0.0,37.797
28,kaitchup/Qwen3-32B-autoround-4bit-gptq,1240,1105,100.0,11092992,16.406,16.406,0.252,10.334,0.0,37.797
29,JunHowie/Qwen3-32B-GPTQ-Int4,1200,1095,100.0,7268352,16.406,16.406,0.127,10.205,0.0,38.374
29,Qwen/Qwen2.5-0.5B-Instruct,1200,1095,100.0,2725632,16.667,16.667,0.129,10.367,0.0,38.46
29,Qwen/Qwen2.5-1.5B-Instruct,1200,1095,100.0,3179904,16.071,16.071,0.125,9.997,0.0,38.264
29,Qwen/Qwen2.5-32B-Instruct-AWQ,1200,1095,100.0,7268352,16.406,16.406,0.127,10.205,0.0,38.374
29,Qwen/Qwen2.5-32B-Instruct-GPTQ-Int4,1200,1095,100.0,7268352,16.406,16.406,0.127,10.205,0.0,38.374
29,Qwen/Qwen2.5-3B-Instruct,1200,1095,100.0,4088448,16.667,16.667,0.129,10.367,0.0,38.46
29,Qwen/Qwen2.5-7B-Instruct,1200,1095,100.0,3179904,16.071,16.071,0.125,9.997,0.0,38.264
29,Qwen/Qwen3-14B,1200,1095,100.0,4542720,16.25,16.25,0.126,10.108,0.0,38.323
29,Qwen/Qwen3-30B-A3B-GPTQ-Int4,1200,1095,100.0,5451264,16.667,16.667,0.129,10.367,0.0,38.46
29,Qwen/Qwen3-32B,1200,1095,100.0,7268352,16.406,16.406,0.127,10.205,0.0,38.374
29,Qwen/Qwen3-4B,1200,1095,100.0,4088448,16.667,16.667,0.129,10.367,0.0,38.46
29,Qwen/Qwen3-4B-Instruct-2507,1240,1135,100.0,8253216,16.667,16.667,0.129,10.416,0.0,38.693
29,Qwen/Qwen3-8B,1200,1095,100.0,4088448,16.667,16.667,0.129,10.367,0.0,38.46
29,kaitchup/Qwen3-32B-autoround-2bit-gptq,1200,1095,100.0,7268352,16.406,16.406,0.127,10.205,0.0,38.374
29,kaitchup/Qwen3-32B-autoround-4bit-gptq,1200,1095,100.0,7268352,16.406,16.406,0.127,10.205,0.0,38.374
30,JunHowie/Qwen3-32B-GPTQ-Int4,1200,1200,100.0,22929408,16.406,16.406,1.771,11.337,11.339,44.985
30,Qwen/Qwen2.5-0.5B-Instruct,1200,1200,100.0,8598528,16.667,16.667,1.799,11.517,11.365,45.085
30,Qwen/Qwen2.5-1.5B-Instruct,1200,1200,100.0,10031616,16.071,16.071,1.735,11.106,11.307,44.855
30,Qwen/Qwen2.5-32B-Instruct-AWQ,1200,1200,100.0,22929408,16.406,16.406,1.771,11.337,11.339,44.985
30,Qwen/Qwen2.5-32B-Instruct-GPTQ-Int4,1200,1200,100.0,22929408,16.406,16.406,1.771,11.337,11.339,44.985
30,Qwen/Qwen2.5-3B-Instruct,1200,1200,100.0,12897792,16.667,16.667,1.799,11.517,11.365,45.085
30,Qwen/Qwen2.5-7B-Instruct,1200,1200,100.0,10031616,16.071,16.071,1.735,11.106,11.307,44.855
30,Qwen/Qwen3-14B,1200,1200,100.0,14330880,16.25,16.25,1.754,11.229,11.324,44.924
30,Qwen/Qwen3-30B-A3B-GPTQ-Int4,1200,1200,100.0,17197056,16.667,16.667,1.799,11.517,11.365,45.085
30,Qwen/Qwen3-32B,1200,1200,100.0,22929408,16.406,16.406,1.771,11.337,11.339,44.985
30,Qwen/Qwen3-4B,1200,1200,100.0,12897792,16.667,16.667,1.799,11.517,11.365,45.085
30,Qwen/Qwen3-4B-Instruct-2507,1240,1240,100.0,16098336,16.667,16.667,1.799,11.524,11.365,45.104
30,Qwen/Qwen3-8B,1200,1200,100.0,12897792,16.667,16.667,1.799,11.517,11.365,45.085
30,kaitchup/Qwen3-32B-autoround-2bit-gptq,1200,1200,100.0,22929408,16.406,16.406,1.771,11.337,11.339,44.985
30,kaitchup/Qwen3-32B-autoround-4bit-gptq,1200,1200,100.0,22929408,16.406,16.406,1.771,11.337,11.339,44.985
31,JunHowie/Qwen3-32B-GPTQ-Int4,1240,1177,100.0,10307584,16.406,16.406,0.802,10.239,0.0,39.981
31,Qwen/Qwen2.5-0.5B-Instruct,1240,1177,100.0,3865344,16.667,16.667,0.814,10.401,0.0,40.07
31,Qwen/Qwen2.5-1.5B-Instruct,1240,1177,100.0,4509568,16.071,16.071,0.785,10.03,0.0,39.866
31,Qwen/Qwen2.5-32B-Instruct-AWQ,1240,1177,100.0,10307584,16.406,16.406,0.802,10.239,0.0,39.981
31,Qwen/Qwen2.5-32B-Instruct-GPTQ-Int4,1240,1177,100.0,10307584,16.406,16.406,0.802,10.239,0.0,39.981
31,Qwen/Qwen2.5-3B-Instruct,1240,1177,100.0,5798016,16.667,16.667,0.814,10.401,0.0,40.07
31,Qwen/Qwen2.5-7B-Instruct,1240,1177,100.0,4509568,16.071,16.071,0.785,10.03,0.0,39.866
31,Qwen/Qwen3-14B,1240,1177,100.0,6442240,16.25,16.25,0.794,10.141,0.0,39.927
31,Qwen/Qwen3-30B-A3B-GPTQ-Int4,1240,1177,100.0,7730688,16.667,16.667,0.814,10.401,0.0,40.07
31,Qwen/Qwen3-32B,1240,1177,100.0,10307584,16.406,16.406,0.802,10.239,0.0,39.981
31,Qwen/Qwen3-4B,1240,1177,100.0,5798016,16.667,16.667,0.814,10.401,0.0,40.07
31,Qwen/Qwen3-4B-Instruct-2507,1240,1177,100.0,5798016,16.667,16.667,0.814,10.401,0.0,40.07
31,Qwen/Qwen3-8B,1240,1177,100.0,5798016,16.667,16.667,0.814,10.401,0.0,40.07
31,kaitchup/Qwen3-32B-autoround-2bit-gptq,1240,1177,100.0,10307584,16.406,16.406,0.802,10.239,0.0,39.981
31,kaitchup/Qwen3-32B-autoround-4bit-gptq,1240,1177,100.0,10307584,16.406,16.406,0.802,10.239,0.0,39.981
32,JunHowie/Qwen3-32B-GPTQ-Int4,1240,1165,100.0,10361856,16.406,16.406,0.795,10.178,0.0,39.466
32,Qwen/Qwen2.5-0.5B-Instruct,1240,1165,100.0,3885696,16.667,16.667,0.807,10.34,0.0,39.555
32,Qwen/Qwen2.5-1.5B-Instruct,1240,1165,100.0,4533312,16.071,16.071,0.779,9.97,0.0,39.353
32,Qwen/Qwen2.5-32B-Instruct-AWQ,1240,1165,100.0,10361856,16.406,16.406,0.795,10.178,0.0,39.466
32,Qwen/Qwen2.5-32B-Instruct-GPTQ-Int4,1240,1165,100.0,10361856,16.406,16.406,0.795,10.178,0.0,39.466
32,Qwen/Qwen2.5-3B-Instruct,1240,1165,100.0,5828544,16.667,16.667,0.807,10.34,0.0,39.555
32,Qwen/Qwen2.5-7B-Instruct,1240,1165,100.0,4533312,16.071,16.071,0.779,9.97,0.0,39.353
32,Qwen/Qwen3-14B,1240,1165,100.0,6476160,16.25,16.25,0.787,10.081,0.0,39.414
32,Qwen/Qwen3-30B-A3B-GPTQ-Int4,1240,1165,100.0,7771392,16.667,16.667,0.807,10.34,0.0,39.555
32,Qwen/Qwen3-32B,1240,1165,100.0,10361856,16.406,16.406,0.795,10.178,0.0,39.466
32,Qwen/Qwen3-4B,1240,1165,100.0,5828544,16.667,16.667,0.807,10.34,0.0,39.555
32,Qwen/Qwen3-4B-Instruct-2507,1240,1165,100.0,5828544,16.667,16.667,0.807,10.34,0.0,39.555
32,Qwen/Qwen3-8B,1240,1165,100.0,5828544,16.667,16.667,0.807,10.34,0.0,39.555
32,kaitchup/Qwen3-32B-autoround-2bit-gptq,1240,1165,100.0,10361856,16.406,16.406,0.795,10.178,0.0,39.466
32,kaitchup/Qwen3-32B-autoround-4bit-gptq,1240,1165,100.0,10361856,16.406,16.406,0.795,10.178,0.0,39.466
33,JunHowie/Qwen3-32B-GPTQ-Int4,1240,1104,100.0,11125760,16.406,16.406,0.376,10.277,0.0,37.535
33,Qwen/Qwen2.5-0.5B-Instruct,1240,1104,100.0,4172160,16.667,16.667,0.382,10.44,0.0,37.619
33,Qwen/Qwen2.5-1.5B-Instruct,1240,1104,100.0,4867520,16.071,16.071,0.368,10.068,0.0,37.427
33,Qwen/Qwen2.5-32B-Instruct-AWQ,1240,1104,100.0,11125760,16.406,16.406,0.376,10.277,0.0,37.535
33,Qwen/Qwen2.5-32B-Instruct-GPTQ-Int4,1240,1104,100.0,11125760,16.406,16.406,0.376,10.277,0.0,37.535
33,Qwen/Qwen2.5-3B-Instruct,1240,1104,100.0,6258240,16.667,16.667,0.382,10.44,0.0,37.619
33,Qwen/Qwen2.5-7B-Instruct,1240,1104,100.0,4867520,16.071,16.071,0.368,10.068,0.0,37.427
33,Qwen/Qwen3-14B,1240,1104,100.0,6953600,16.25,16.25,0.372,10.179,0.0,37.485
33,Qwen/Qwen3-30B-A3B-GPTQ-Int4,1240,1104,100.0,8344320,16.667,16.667,0.382,10.44,0.0,37.619
33,Qwen/Qwen3-32B,1240,1104,100.0,11125760,16.406,16.406,0.376,10.277,0.0,37.535
33,Qwen/Qwen3-4B,1240,1104,100.0,6258240,16.667,16.667,0.382,10.44,0.0,37.619
33,Qwen/Qwen3-4B-Instruct-2507,1240,1104,100.0,6258240,16.667,16.667,0.382,10.44,0.0,37.619
33,Qwen/Qwen3-8B,1240,1104,100.0,6258240,16.667,16.667,0.382,10.44,0.0,37.619
33,kaitchup/Qwen3-32B-autoround-2bit-gptq,1240,1104,100.0,11125760,16.406,16.406,0.376,10.277,0.0,37.535
33,kaitchup/Qwen3-32B-autoround-4bit-gptq,1240,1104,100.0,11125760,16.406,16.406,0.376,10.277,0.0,37.535
34,JunHowie/Qwen3-32B-GPTQ-Int4,1240,1240,100.0,41458176,16.406,16.406,2.087,11.471,13.139,45.314
34,Qwen/Qwen2.5-0.5B-Instruct,1200,1200,100.0,13828032,16.667,16.667,2.121,11.65,13.169,45.408
34,Qwen/Qwen2.5-1.5B-Instruct,1200,1200,100.0,16132704,16.071,16.071,2.045,11.234,13.102,45.177
34,Qwen/Qwen2.5-32B-Instruct-AWQ,1200,1200,100.0,36874752,16.406,16.406,2.087,11.468,13.139,45.307
34,Qwen/Qwen2.5-32B-Instruct-GPTQ-Int4,1200,1200,100.0,36874752,16.406,16.406,2.087,11.468,13.139,45.307
34,Qwen/Qwen2.5-3B-Instruct,1200,1200,100.0,20742048,16.667,16.667,2.121,11.65,13.169,45.408
34,Qwen/Qwen2.5-7B-Instruct,1200,1200,100.0,16132704,16.071,16.071,2.045,11.234,13.102,45.177
34,Qwen/Qwen3-14B,1240,1240,100.0,25911360,16.25,16.25,2.068,11.361,13.122,45.253
34,Qwen/Qwen3-30B-A3B-GPTQ-Int4,1240,1240,100.0,31093632,16.667,16.667,2.121,11.653,13.169,45.415
34,Qwen/Qwen3-32B,1240,1240,100.0,41458176,16.406,16.406,2.087,11.471,13.139,45.314
34,Qwen/Qwen3-4B,1240,1240,100.0,23320224,16.667,16.667,2.121,11.653,13.169,45.415
34,Qwen/Qwen3-4B-Instruct-2507,1240,1240,100.0,23320224,16.667,16.667,2.121,11.653,13.169,45.415
34,Qwen/Qwen3-8B,1240,1240,100.0,23320224,16.667,16.667,2.121,11.653,13.169,45.415
34,kaitchup/Qwen3-32B-autoround-2bit-gptq,1240,1240,100.0,41458176,16.406,16.406,2.087,11.471,13.139,45.314
34,kaitchup/Qwen3-32B-autoround-4bit-gptq,1240,1240,100.0,41458176,16.406,16.406,2.087,11.471,13.139,45.314
35,JunHowie/Qwen3-32B-GPTQ-Int4,1240,1075,100.0,12057088,16.406,16.406,0.781,10.349,0.0,36.801
35,Qwen/Qwen2.5-0.5B-Instruct,1200,1035,100.0,2729856,16.667,16.667,0.794,10.466,0.0,36.592
35,Qwen/Qwen2.5-1.5B-Instruct,1200,1035,100.0,3184832,16.071,16.071,0.765,10.092,0.0,36.405
35,Qwen/Qwen2.5-32B-Instruct-AWQ,1200,1035,100.0,7279616,16.406,16.406,0.781,10.303,0.0,36.51
35,Qwen/Qwen2.5-32B-Instruct-GPTQ-Int4,1200,1035,100.0,7279616,16.406,16.406,0.781,10.303,0.0,36.51
35,Qwen/Qwen2.5-3B-Instruct,1200,1035,100.0,4094784,16.667,16.667,0.794,10.466,0.0,36.592
35,Qwen/Qwen2.5-7B-Instruct,1200,1035,100.0,3184832,16.071,16.071,0.765,10.092,0.0,36.405
35,Qwen/Qwen3-14B,1240,1075,100.0,7535680,16.25,16.25,0.774,10.251,0.0,36.751
35,Qwen/Qwen3-30B-A3B-GPTQ-Int4,1240,1075,100.0,9042816,16.667,16.667,0.794,10.514,0.0,36.883
35,Qwen/Qwen3-32B,1240,1075,100.0,12057088,16.406,16.406,0.781,10.349,0.0,36.801
35,Qwen/Qwen3-4B,1240,1075,100.0,6782112,16.667,16.667,0.794,10.514,0.0,36.883
35,Qwen/Qwen3-4B-Instruct-2507,1240,1075,100.0,6782112,16.667,16.667,0.794,10.514,0.0,36.883
35,Qwen/Qwen3-8B,1240,1075,100.0,6782112,16.667,16.667,0.794,10.514,0.0,36.883
35,kaitchup/Qwen3-32B-autoround-2bit-gptq,1240,1075,100.0,12057088,16.406,16.406,0.781,10.349,0.0,36.801
35,kaitchup/Qwen3-32B-autoround-4bit-gptq,1240,1075,100.0,12057088,16.406,16.406,0.781,10.349,0.0,36.801
36,JunHowie/Qwen3-32B-GPTQ-Int4,1240,1142,100.0,10596352,16.406,16.406,0.81,10.184,0.0,38.653
36,Qwen/Qwen2.5-0.5B-Instruct,1240,1142,100.0,3973632,16.667,16.667,0.823,10.346,0.0,38.74
36,Qwen/Qwen2.5-1.5B-Instruct,1240,1142,100.0,4635904,16.071,16.071,0.794,9.976,0.0,38.542
36,Qwen/Qwen2.5-32B-Instruct-AWQ,1240,1142,100.0,10596352,16.406,16.406,0.81,10.184,0.0,38.653
36,Qwen/Qwen2.5-32B-Instruct-GPTQ-Int4,1240,1142,100.0,10596352,16.406,16.406,0.81,10.184,0.0,38.653
36,Qwen/Qwen2.5-3B-Instruct,1240,1142,100.0,5960448,16.667,16.667,0.823,10.346,0.0,38.74
36,Qwen/Qwen2.5-7B-Instruct,1240,1142,100.0,4635904,16.071,16.071,0.794,9.976,0.0,38.542
36,Qwen/Qwen3-14B,1240,1142,100.0,6622720,16.25,16.25,0.802,10.087,0.0,38.601
36,Qwen/Qwen3-30B-A3B-GPTQ-Int4,1240,1142,100.0,7947264,16.667,16.667,0.823,10.346,0.0,38.74
36,Qwen/Qwen3-32B,1240,1142,100.0,10596352,16.406,16.406,0.81,10.184,0.0,38.653
36,Qwen/Qwen3-4B,1240,1142,100.0,5960448,16.667,16.667,0.823,10.346,0.0,38.74
36,Qwen/Qwen3-4B-Instruct-2507,1240,1142,100.0,5960448,16.667,16.667,0.823,10.346,0.0,38.74
36,Qwen/Qwen3-8B,1240,1142,100.0,5960448,16.667,16.667,0.823,10.346,0.0,38.74
36,kaitchup/Qwen3-32B-autoround-2bit-gptq,1240,1142,100.0,10596352,16.406,16.406,0.81,10.184,0.0,38.653
36,kaitchup/Qwen3-32B-autoround-4bit-gptq,1240,1142,100.0,10596352,16.406,16.406,0.81,10.184,0.0,38.653
37,JunHowie/Qwen3-32B-GPTQ-Int4,1200,1111,100.0,7651840,16.406,16.406,0.437,10.231,0.0,38.968
37,Qwen/Qwen2.5-0.5B-Instruct,1200,1111,100.0,2869440,16.667,16.667,0.444,10.393,0.0,39.055
37,Qwen/Qwen2.5-1.5B-Instruct,1200,1111,100.0,3347680,16.071,16.071,0.428,10.022,0.0,38.856
37,Qwen/Qwen2.5-32B-Instruct-AWQ,1200,1111,100.0,7651840,16.406,16.406,0.437,10.231,0.0,38.968
37,Qwen/Qwen2.5-32B-Instruct-GPTQ-Int4,1200,1111,100.0,7651840,16.406,16.406,0.437,10.231,0.0,38.968
37,Qwen/Qwen2.5-3B-Instruct,1200,1111,100.0,4304160,16.667,16.667,0.444,10.393,0.0,39.055
37,Qwen/Qwen2.5-7B-Instruct,1200,1111,100.0,3347680,16.071,16.071,0.428,10.022,0.0,38.856
37,Qwen/Qwen3-14B,1200,1111,100.0,4782400,16.25,16.25,0.433,10.133,0.0,38.915
37,Qwen/Qwen3-30B-A3B-GPTQ-Int4,1200,1111,100.0,5738880,16.667,16.667,0.444,10.393,0.0,39.055
37,Qwen/Qwen3-32B,1200,1111,100.0,7651840,16.406,16.406,0.437,10.231,0.0,38.968
37,Qwen/Qwen3-4B,1200,1111,100.0,4304160,16.667,16.667,0.444,10.393,0.0,39.055
37,Qwen/Qwen3-4B-Instruct-2507,1240,1151,100.0,7877664,16.667,16.667,0.444,10.44,0.0,39.268
37,Qwen/Qwen3-8B,1200,1111,100.0,4304160,16.667,16.667,0.444,10.393,0.0,39.055
37,kaitchup/Qwen3-32B-autoround-2bit-gptq,1200,1111,100.0,7651840,16.406,16.406,0.437,10.231,0.0,38.968
37,kaitchup/Qwen3-32B-autoround-4bit-gptq,1200,1111,100.0,7651840,16.406,16.406,0.437,10.231,0.0,38.968
38,JunHowie/Qwen3-32B-GPTQ-Int4,1200,1048,100.0,8073216,16.406,16.406,0.497,10.182,0.0,36.657
38,Qwen/Qwen2.5-0.5B-Instruct,1200,1048,100.0,3027456,16.667,16.667,0.505,10.343,0.0,36.739
38,Qwen/Qwen2.5-1.5B-Instruct,1200,1048,100.0,3532032,16.071,16.071,0.487,9.974,0.0,36.552
38,Qwen/Qwen2.5-32B-Instruct-AWQ,1200,1048,100.0,8073216,16.406,16.406,0.497,10.182,0.0,36.657
38,Qwen/Qwen2.5-32B-Instruct-GPTQ-Int4,1200,1048,100.0,8073216,16.406,16.406,0.497,10.182,0.0,36.657
38,Qwen/Qwen2.5-3B-Instruct,1200,1048,100.0,4541184,16.667,16.667,0.505,10.343,0.0,36.739
38,Qwen/Qwen2.5-7B-Instruct,1200,1048,100.0,3532032,16.071,16.071,0.487,9.974,0.0,36.552
38,Qwen/Qwen3-14B,1200,1048,100.0,5045760,16.25,16.25,0.492,10.085,0.0,36.608
38,Qwen/Qwen3-30B-A3B-GPTQ-Int4,1200,1048,100.0,6054912,16.667,16.667,0.505,10.343,0.0,36.739
38,Qwen/Qwen3-32B,1200,1048,100.0,8073216,16.406,16.406,0.497,10.182,0.0,36.657
38,Qwen/Qwen3-4B,1200,1048,100.0,4541184,16.667,16.667,0.505,10.343,0.0,36.739
38,Qwen/Qwen3-4B-Instruct-2507,1240,1088,100.0,8116704,16.667,16.667,0.505,10.395,0.0,37.027
38,Qwen/Qwen3-8B,1200,1048,100.0,4541184,16.667,16.667,0.505,10.343,0.0,36.739
38,kaitchup/Qwen3-32B-autoround-2bit-gptq,1200,1048,100.0,8073216,16.406,16.406,0.497,10.182,0.0,36.657
38,kaitchup/Qwen3-32B-autoround-4bit-gptq,1200,1048,100.0,8073216,16.406,16.406,0.497,10.182,0.0,36.657
39,JunHowie/Qwen3-32B-GPTQ-Int4,1200,1191,100.0,10013184,16.406,16.406,0.785,10.703,0.0,43.072
39,Qwen/Qwen2.5-0.5B-Instruct,1200,1191,100.0,3754944,16.667,16.667,0.797,10.873,0.0,43.168
39,Qwen/Qwen2.5-1.5B-Instruct,1200,1191,100.0,4380768,16.071,16.071,0.769,10.484,0.0,42.948
39,Qwen/Qwen2.5-32B-Instruct-AWQ,1200,1191,100.0,10013184,16.406,16.406,0.785,10.703,0.0,43.072
39,Qwen/Qwen2.5-32B-Instruct-GPTQ-Int4,1200,1191,100.0,10013184,16.406,16.406,0.785,10.703,0.0,43.072
39,Qwen/Qwen2.5-3B-Instruct,1200,1191,100.0,5632416,16.667,16.667,0.797,10.873,0.0,43.168
39,Qwen/Qwen2.5-7B-Instruct,1200,1191,100.0,4380768,16.071,16.071,0.769,10.484,0.0,42.948
39,Qwen/Qwen3-14B,1200,1191,100.0,6258240,16.25,16.25,0.777,10.601,0.0,43.014
39,Qwen/Qwen3-30B-A3B-GPTQ-Int4,1200,1191,100.0,7509888,16.667,16.667,0.797,10.873,0.0,43.168
39,Qwen/Qwen3-32B,1200,1191,100.0,10013184,16.406,16.406,0.785,10.703,0.0,43.072
39,Qwen/Qwen3-4B,1200,1191,100.0,5632416,16.667,16.667,0.797,10.873,0.0,43.168
39,Qwen/Qwen3-4B-Instruct-2507,1240,1231,100.0,8959392,16.667,16.667,0.797,10.901,0.0,43.249
39,Qwen/Qwen3-8B,1200,1191,100.0,5632416,16.667,16.667,0.797,10.873,0.0,43.168
39,kaitchup/Qwen3-32B-autoround-2bit-gptq,1200,1191,100.0,10013184,16.406,16.406,0.785,10.703,0.0,43.072
39,kaitchup/Qwen3-32B-autoround-4bit-gptq,1200,1191,100.0,10013184,16.406,16.406,0.785,10.703,0.0,43.072
